Task_ID,Job_ID,Arrival_Min,Arrival_Max,Cost_Min,Cost_Max,Deadline,Priority
1,0,0,0,421,421,1900,1
2,0,0,0,131,131,2300,2
0,0,0,0,774,774,3500,0
1,1,1900,1900,421,421,3800,1
2,1,2300,2300,131,131,4600,2
0,1,3500,3500,774,774,7000,0
1,2,3800,3800,421,421,5700,1
2,2,4600,4600,131,131,6900,2
1,3,5700,5700,421,421,7600,1
2,3,6900,6900,131,131,9200,2
0,2,7000,7000,774,774,10500,0
1,4,7600,7600,421,421,9500,1
2,4,9200,9200,131,131,11500,2
1,5,9500,9500,421,421,11400,1
0,3,10500,10500,774,774,14000,0
1,6,11400,11400,421,421,13300,1
2,5,11500,11500,131,131,13800,2
1,7,13300,13300,421,421,15200,1
2,6,13800,13800,131,131,16100,2
0,4,14000,14000,774,774,17500,0
1,8,15200,15200,421,421,17100,1
2,7,16100,16100,131,131,18400,2
1,9,17100,17100,421,421,19000,1
0,5,17500,17500,774,774,21000,0
2,8,18400,18400,131,131,20700,2
1,10,19000,19000,421,421,20900,1
2,9,20700,20700,131,131,23000,2
1,11,20900,20900,421,421,22800,1
0,6,21000,21000,774,774,24500,0
1,12,22800,22800,421,421,24700,1
2,10,23000,23000,131,131,25300,2
0,7,24500,24500,774,774,28000,0
1,13,24700,24700,421,421,26600,1
2,11,25300,25300,131,131,27600,2
1,14,26600,26600,421,421,28500,1
2,12,27600,27600,131,131,29900,2
0,8,28000,28000,774,774,31500,0
1,15,28500,28500,421,421,30400,1
2,13,29900,29900,131,131,32200,2
1,16,30400,30400,421,421,32300,1
0,9,31500,31500,774,774,35000,0
2,14,32200,32200,131,131,34500,2
1,17,32300,32300,421,421,34200,1
1,18,34200,34200,421,421,36100,1
2,15,34500,34500,131,131,36800,2
0,10,35000,35000,774,774,38500,0
1,19,36100,36100,421,421,38000,1
2,16,36800,36800,131,131,39100,2
1,20,38000,38000,421,421,39900,1
0,11,38500,38500,774,774,42000,0
2,17,39100,39100,131,131,41400,2
1,21,39900,39900,421,421,41800,1
2,18,41400,41400,131,131,43700,2
1,22,41800,41800,421,421,43700,1
0,12,42000,42000,774,774,45500,0
1,23,43700,43700,421,421,45600,1
2,19,43700,43700,131,131,46000,2
0,13,45500,45500,774,774,49000,0
1,24,45600,45600,421,421,47500,1
2,20,46000,46000,131,131,48300,2
1,25,47500,47500,421,421,49400,1
2,21,48300,48300,131,131,50600,2
0,14,49000,49000,774,774,52500,0
1,26,49400,49400,421,421,51300,1
2,22,50600,50600,131,131,52900,2
1,27,51300,51300,421,421,53200,1
0,15,52500,52500,774,774,56000,0
2,23,52900,52900,131,131,55200,2
1,28,53200,53200,421,421,55100,1
1,29,55100,55100,421,421,57000,1
2,24,55200,55200,131,131,57500,2
0,16,56000,56000,774,774,59500,0
1,30,57000,57000,421,421,58900,1
2,25,57500,57500,131,131,59800,2
1,31,58900,58900,421,421,60800,1
0,17,59500,59500,774,774,63000,0
2,26,59800,59800,131,131,62100,2
1,32,60800,60800,421,421,62700,1
2,27,62100,62100,131,131,64400,2
1,33,62700,62700,421,421,64600,1
0,18,63000,63000,774,774,66500,0
2,28,64400,64400,131,131,66700,2
1,34,64600,64600,421,421,66500,1
1,35,66500,66500,421,421,68400,1
2,29,66700,66700,131,131,69000,2
0,19,66500,66500,774,774,70000,0
1,36,68400,68400,421,421,70300,1
2,30,69000,69000,131,131,71300,2
0,20,70000,70000,774,774,73500,0
1,37,70300,70300,421,421,72200,1
2,31,71300,71300,131,131,73600,2
1,38,72200,72200,421,421,74100,1
0,21,73500,73500,774,774,77000,0
2,32,73600,73600,131,131,75900,2
1,39,74100,74100,421,421,76000,1
2,33,75900,75900,131,131,78200,2
1,40,76000,76000,421,421,77900,1
0,22,77000,77000,774,774,80500,0
1,41,77900,77900,421,421,79800,1
2,34,78200,78200,131,131,80500,2
1,42,79800,79800,421,421,81700,1
2,35,80500,80500,131,131,82800,2
0,23,80500,80500,774,774,84000,0
1,43,81700,81700,421,421,83600,1
2,36,82800,82800,131,131,85100,2
1,44,83600,83600,421,421,85500,1
0,24,84000,84000,774,774,87500,0
2,37,85100,85100,131,131,87400,2
1,45,85500,85500,421,421,87400,1
1,46,87400,87400,421,421,89300,1
2,38,87400,87400,131,131,89700,2
0,25,87500,87500,774,774,91000,0
1,47,89300,89300,421,421,91200,1
2,39,89700,89700,131,131,92000,2
0,26,91000,91000,774,774,94500,0
1,48,91200,91200,421,421,93100,1
2,40,92000,92000,131,131,94300,2
1,49,93100,93100,421,421,95000,1
2,41,94300,94300,131,131,96600,2
0,27,94500,94500,774,774,98000,0
1,50,95000,95000,421,421,96900,1
2,42,96600,96600,131,131,98900,2
1,51,96900,96900,421,421,98800,1
0,28,98000,98000,774,774,101500,0
1,52,98800,98800,421,421,100700,1
2,43,98900,98900,131,131,101200,2
1,53,100700,100700,421,421,102600,1
2,44,101200,101200,131,131,103500,2
0,29,101500,101500,774,774,105000,0
1,54,102600,102600,421,421,104500,1
2,45,103500,103500,131,131,105800,2
1,55,104500,104500,421,421,106400,1
0,30,105000,105000,774,774,108500,0
2,46,105800,105800,131,131,108100,2
1,56,106400,106400,421,421,108300,1
2,47,108100,108100,131,131,110400,2
1,57,108300,108300,421,421,110200,1
0,31,108500,108500,774,774,112000,0
1,58,110200,110200,421,421,112100,1
2,48,110400,110400,131,131,112700,2
0,32,112000,112000,774,774,115500,0
1,59,112100,112100,421,421,114000,1
2,49,112700,112700,131,131,115000,2
1,60,114000,114000,421,421,115900,1
2,50,115000,115000,131,131,117300,2
0,33,115500,115500,774,774,119000,0
1,61,115900,115900,421,421,117800,1
2,51,117300,117300,131,131,119600,2
1,62,117800,117800,421,421,119700,1
0,34,119000,119000,774,774,122500,0
2,52,119600,119600,131,131,121900,2
1,63,119700,119700,421,421,121600,1
1,64,121600,121600,421,421,123500,1
2,53,121900,121900,131,131,124200,2
0,35,122500,122500,774,774,126000,0
1,65,123500,123500,421,421,125400,1
2,54,124200,124200,131,131,126500,2
1,66,125400,125400,421,421,127300,1
0,36,126000,126000,774,774,129500,0
2,55,126500,126500,131,131,128800,2
1,67,127300,127300,421,421,129200,1
2,56,128800,128800,131,131,131100,2
1,68,129200,129200,421,421,131100,1
0,37,129500,129500,774,774,133000,0
1,69,131100,131100,421,421,133000,1
2,57,131100,131100,131,131,133400,2
1,70,133000,133000,421,421,134900,1
2,58,133400,133400,131,131,135700,2
0,38,133000,133000,774,774,136500,0
1,71,134900,134900,421,421,136800,1
2,59,135700,135700,131,131,138000,2
0,39,136500,136500,774,774,140000,0
1,72,136800,136800,421,421,138700,1
2,60,138000,138000,131,131,140300,2
1,73,138700,138700,421,421,140600,1
0,40,140000,140000,774,774,143500,0
2,61,140300,140300,131,131,142600,2
1,74,140600,140600,421,421,142500,1
1,75,142500,142500,421,421,144400,1
2,62,142600,142600,131,131,144900,2
0,41,143500,143500,774,774,147000,0
1,76,144400,144400,421,421,146300,1
2,63,144900,144900,131,131,147200,2
1,77,146300,146300,421,421,148200,1
0,42,147000,147000,774,774,150500,0
2,64,147200,147200,131,131,149500,2
1,78,148200,148200,421,421,150100,1
2,65,149500,149500,131,131,151800,2
1,79,150100,150100,421,421,152000,1
0,43,150500,150500,774,774,154000,0
2,66,151800,151800,131,131,154100,2
1,80,152000,152000,421,421,153900,1
1,81,153900,153900,421,421,155800,1
0,44,154000,154000,774,774,157500,0
2,67,154100,154100,131,131,156400,2
1,82,155800,155800,421,421,157700,1
2,68,156400,156400,131,131,158700,2
0,45,157500,157500,774,774,161000,0
1,83,157700,157700,421,421,159600,1
2,69,158700,158700,131,131,161000,2
1,84,159600,159600,421,421,161500,1
2,70,161000,161000,131,131,163300,2
0,46,161000,161000,774,774,164500,0
1,85,161500,161500,421,421,163400,1
2,71,163300,163300,131,131,165600,2
1,86,163400,163400,421,421,165300,1
0,47,164500,164500,774,774,168000,0
1,87,165300,165300,421,421,167200,1
2,72,165600,165600,131,131,167900,2
1,88,167200,167200,421,421,169100,1
2,73,167900,167900,131,131,170200,2
0,48,168000,168000,774,774,171500,0
1,89,169100,169100,421,421,171000,1
2,74,170200,170200,131,131,172500,2
1,90,171000,171000,421,421,172900,1
0,49,171500,171500,774,774,175000,0
2,75,172500,172500,131,131,174800,2
1,91,172900,172900,421,421,174800,1
1,92,174800,174800,421,421,176700,1
2,76,174800,174800,131,131,177100,2
0,50,175000,175000,774,774,178500,0
1,93,176700,176700,421,421,178600,1
2,77,177100,177100,131,131,179400,2
0,51,178500,178500,774,774,182000,0
1,94,178600,178600,421,421,180500,1
2,78,179400,179400,131,131,181700,2
1,95,180500,180500,421,421,182400,1
2,79,181700,181700,131,131,184000,2
0,52,182000,182000,774,774,185500,0
1,96,182400,182400,421,421,184300,1
2,80,184000,184000,131,131,186300,2
1,97,184300,184300,421,421,186200,1
0,53,185500,185500,774,774,189000,0
1,98,186200,186200,421,421,188100,1
2,81,186300,186300,131,131,188600,2
1,99,188100,188100,421,421,190000,1
2,82,188600,188600,131,131,190900,2
0,54,189000,189000,774,774,192500,0
1,100,190000,190000,421,421,191900,1
2,83,190900,190900,131,131,193200,2
1,101,191900,191900,421,421,193800,1
0,55,192500,192500,774,774,196000,0
2,84,193200,193200,131,131,195500,2
1,102,193800,193800,421,421,195700,1
2,85,195500,195500,131,131,197800,2
1,103,195700,195700,421,421,197600,1
0,56,196000,196000,774,774,199500,0
1,104,197600,197600,421,421,199500,1
2,86,197800,197800,131,131,200100,2
1,105,199500,199500,421,421,201400,1
0,57,199500,199500,774,774,203000,0
2,87,200100,200100,131,131,202400,2
1,106,201400,201400,421,421,203300,1
2,88,202400,202400,131,131,204700,2
0,58,203000,203000,774,774,206500,0
1,107,203300,203300,421,421,205200,1
2,89,204700,204700,131,131,207000,2
1,108,205200,205200,421,421,207100,1
0,59,206500,206500,774,774,210000,0
2,90,207000,207000,131,131,209300,2
1,109,207100,207100,421,421,209000,1
1,110,209000,209000,421,421,210900,1
2,91,209300,209300,131,131,211600,2
0,60,210000,210000,774,774,213500,0
1,111,210900,210900,421,421,212800,1
2,92,211600,211600,131,131,213900,2
1,112,212800,212800,421,421,214700,1
0,61,213500,213500,774,774,217000,0
2,93,213900,213900,131,131,216200,2
1,113,214700,214700,421,421,216600,1
2,94,216200,216200,131,131,218500,2
1,114,216600,216600,421,421,218500,1
0,62,217000,217000,774,774,220500,0
1,115,218500,218500,421,421,220400,1
2,95,218500,218500,131,131,220800,2
1,116,220400,220400,421,421,222300,1
0,63,220500,220500,774,774,224000,0
2,96,220800,220800,131,131,223100,2
1,117,222300,222300,421,421,224200,1
2,97,223100,223100,131,131,225400,2
0,64,224000,224000,774,774,227500,0
1,118,224200,224200,421,421,226100,1
2,98,225400,225400,131,131,227700,2
1,119,226100,226100,421,421,228000,1
0,65,227500,227500,774,774,231000,0
2,99,227700,227700,131,131,230000,2
1,120,228000,228000,421,421,229900,1
1,121,229900,229900,421,421,231800,1
2,100,230000,230000,131,131,232300,2
0,66,231000,231000,774,774,234500,0
1,122,231800,231800,421,421,233700,1
2,101,232300,232300,131,131,234600,2
1,123,233700,233700,421,421,235600,1
0,67,234500,234500,774,774,238000,0
2,102,234600,234600,131,131,236900,2
1,124,235600,235600,421,421,237500,1
2,103,236900,236900,131,131,239200,2
1,125,237500,237500,421,421,239400,1
0,68,238000,238000,774,774,241500,0
2,104,239200,239200,131,131,241500,2
1,126,239400,239400,421,421,241300,1
1,127,241300,241300,421,421,243200,1
2,105,241500,241500,131,131,243800,2
0,69,241500,241500,774,774,245000,0
1,128,243200,243200,421,421,245100,1
2,106,243800,243800,131,131,246100,2
0,70,245000,245000,774,774,248500,0
1,129,245100,245100,421,421,247000,1
2,107,246100,246100,131,131,248400,2
1,130,247000,247000,421,421,248900,1
2,108,248400,248400,131,131,250700,2
0,71,248500,248500,774,774,252000,0
1,131,248900,248900,421,421,250800,1
2,109,250700,250700,131,131,253000,2
1,132,250800,250800,421,421,252700,1
0,72,252000,252000,774,774,255500,0
1,133,252700,252700,421,421,254600,1
2,110,253000,253000,131,131,255300,2
1,134,254600,254600,421,421,256500,1
2,111,255300,255300,131,131,257600,2
0,73,255500,255500,774,774,259000,0
1,135,256500,256500,421,421,258400,1
2,112,257600,257600,131,131,259900,2
1,136,258400,258400,421,421,260300,1
0,74,259000,259000,774,774,262500,0
2,113,259900,259900,131,131,262200,2
1,137,260300,260300,421,421,262200,1
1,138,262200,262200,421,421,264100,1
2,114,262200,262200,131,131,264500,2
0,75,262500,262500,774,774,266000,0
1,139,264100,264100,421,421,266000,1
2,115,264500,264500,131,131,266800,2
1,140,266000,266000,421,421,267900,1
0,76,266000,266000,774,774,269500,0
2,116,266800,266800,131,131,269100,2
1,141,267900,267900,421,421,269800,1
2,117,269100,269100,131,131,271400,2
0,77,269500,269500,774,774,273000,0
1,142,269800,269800,421,421,271700,1
2,118,271400,271400,131,131,273700,2
1,143,271700,271700,421,421,273600,1
0,78,273000,273000,774,774,276500,0
1,144,273600,273600,421,421,275500,1
2,119,273700,273700,131,131,276000,2
1,145,275500,275500,421,421,277400,1
2,120,276000,276000,131,131,278300,2
0,79,276500,276500,774,774,280000,0
1,146,277400,277400,421,421,279300,1
2,121,278300,278300,131,131,280600,2
1,147,279300,279300,421,421,281200,1
0,80,280000,280000,774,774,283500,0
2,122,280600,280600,131,131,282900,2
1,148,281200,281200,421,421,283100,1
2,123,282900,282900,131,131,285200,2
1,149,283100,283100,421,421,285000,1
0,81,283500,283500,774,774,287000,0
1,150,285000,285000,421,421,286900,1
2,124,285200,285200,131,131,287500,2
1,151,286900,286900,421,421,288800,1
0,82,287000,287000,774,774,290500,0
2,125,287500,287500,131,131,289800,2
1,152,288800,288800,421,421,290700,1
2,126,289800,289800,131,131,292100,2
0,83,290500,290500,774,774,294000,0
1,153,290700,290700,421,421,292600,1
2,127,292100,292100,131,131,294400,2
1,154,292600,292600,421,421,294500,1
0,84,294000,294000,774,774,297500,0
2,128,294400,294400,131,131,296700,2
1,155,294500,294500,421,421,296400,1
1,156,296400,296400,421,421,298300,1
2,129,296700,296700,131,131,299000,2
0,85,297500,297500,774,774,301000,0
1,157,298300,298300,421,421,300200,1
2,130,299000,299000,131,131,301300,2
1,158,300200,300200,421,421,302100,1
0,86,301000,301000,774,774,304500,0
2,131,301300,301300,131,131,303600,2
1,159,302100,302100,421,421,304000,1
2,132,303600,303600,131,131,305900,2
1,160,304000,304000,421,421,305900,1
0,87,304500,304500,774,774,308000,0
1,161,305900,305900,421,421,307800,1
2,133,305900,305900,131,131,308200,2
1,162,307800,307800,421,421,309700,1
0,88,308000,308000,774,774,311500,0
2,134,308200,308200,131,131,310500,2
1,163,309700,309700,421,421,311600,1
2,135,310500,310500,131,131,312800,2
0,89,311500,311500,774,774,315000,0
1,164,311600,311600,421,421,313500,1
2,136,312800,312800,131,131,315100,2
1,165,313500,313500,421,421,315400,1
0,90,315000,315000,774,774,318500,0
2,137,315100,315100,131,131,317400,2
1,166,315400,315400,421,421,317300,1
1,167,317300,317300,421,421,319200,1
2,138,317400,317400,131,131,319700,2
0,91,318500,318500,774,774,322000,0
1,168,319200,319200,421,421,321100,1
2,139,319700,319700,131,131,322000,2
1,169,321100,321100,421,421,323000,1
2,140,322000,322000,131,131,324300,2
0,92,322000,322000,774,774,325500,0
1,170,323000,323000,421,421,324900,1
2,141,324300,324300,131,131,326600,2
1,171,324900,324900,421,421,326800,1
0,93,325500,325500,774,774,329000,0
2,142,326600,326600,131,131,328900,2
1,172,326800,326800,421,421,328700,1
1,173,328700,328700,421,421,330600,1
2,143,328900,328900,131,131,331200,2
0,94,329000,329000,774,774,332500,0
1,174,330600,330600,421,421,332500,1
2,144,331200,331200,131,131,333500,2
1,175,332500,332500,421,421,334400,1
0,95,332500,332500,774,774,336000,0
2,145,333500,333500,131,131,335800,2
1,176,334400,334400,421,421,336300,1
2,146,335800,335800,131,131,338100,2
0,96,336000,336000,774,774,339500,0
1,177,336300,336300,421,421,338200,1
2,147,338100,338100,131,131,340400,2
1,178,338200,338200,421,421,340100,1
0,97,339500,339500,774,774,343000,0
1,179,340100,340100,421,421,342000,1
2,148,340400,340400,131,131,342700,2
1,180,342000,342000,421,421,343900,1
2,149,342700,342700,131,131,345000,2
0,98,343000,343000,774,774,346500,0
1,181,343900,343900,421,421,345800,1
2,150,345000,345000,131,131,347300,2
1,182,345800,345800,421,421,347700,1
0,99,346500,346500,774,774,350000,0
2,151,347300,347300,131,131,349600,2
1,183,347700,347700,421,421,349600,1
1,184,349600,349600,421,421,351500,1
2,152,349600,349600,131,131,351900,2
0,100,350000,350000,774,774,353500,0
1,185,351500,351500,421,421,353400,1
2,153,351900,351900,131,131,354200,2
1,186,353400,353400,421,421,355300,1
0,101,353500,353500,774,774,357000,0
2,154,354200,354200,131,131,356500,2
1,187,355300,355300,421,421,357200,1
2,155,356500,356500,131,131,358800,2
0,102,357000,357000,774,774,360500,0
1,188,357200,357200,421,421,359100,1
2,156,358800,358800,131,131,361100,2
1,189,359100,359100,421,421,361000,1
0,103,360500,360500,774,774,364000,0
1,190,361000,361000,421,421,362900,1
2,157,361100,361100,131,131,363400,2
1,191,362900,362900,421,421,364800,1
2,158,363400,363400,131,131,365700,2
0,104,364000,364000,774,774,367500,0
1,192,364800,364800,421,421,366700,1
2,159,365700,365700,131,131,368000,2
1,193,366700,366700,421,421,368600,1
0,105,367500,367500,774,774,371000,0
2,160,368000,368000,131,131,370300,2
1,194,368600,368600,421,421,370500,1
2,161,370300,370300,131,131,372600,2
1,195,370500,370500,421,421,372400,1
0,106,371000,371000,774,774,374500,0
1,196,372400,372400,421,421,374300,1
2,162,372600,372600,131,131,374900,2
1,197,374300,374300,421,421,376200,1
0,107,374500,374500,774,774,378000,0
2,163,374900,374900,131,131,377200,2
1,198,376200,376200,421,421,378100,1
2,164,377200,377200,131,131,379500,2
0,108,378000,378000,774,774,381500,0
1,199,378100,378100,421,421,380000,1
2,165,379500,379500,131,131,381800,2
1,200,380000,380000,421,421,381900,1
0,109,381500,381500,774,774,385000,0
2,166,381800,381800,131,131,384100,2
1,201,381900,381900,421,421,383800,1
1,202,383800,383800,421,421,385700,1
2,167,384100,384100,131,131,386400,2
0,110,385000,385000,774,774,388500,0
1,203,385700,385700,421,421,387600,1
2,168,386400,386400,131,131,388700,2
1,204,387600,387600,421,421,389500,1
0,111,388500,388500,774,774,392000,0
2,169,388700,388700,131,131,391000,2
1,205,389500,389500,421,421,391400,1
2,170,391000,391000,131,131,393300,2
1,206,391400,391400,421,421,393300,1
0,112,392000,392000,774,774,395500,0
1,207,393300,393300,421,421,395200,1
2,171,393300,393300,131,131,395600,2
1,208,395200,395200,421,421,397100,1
0,113,395500,395500,774,774,399000,0
2,172,395600,395600,131,131,397900,2
1,209,397100,397100,421,421,399000,1
2,173,397900,397900,131,131,400200,2
1,210,399000,399000,421,421,400900,1
0,114,399000,399000,774,774,402500,0
2,174,400200,400200,131,131,402500,2
1,211,400900,400900,421,421,402800,1
2,175,402500,402500,131,131,404800,2
0,115,402500,402500,774,774,406000,0
1,212,402800,402800,421,421,404700,1
1,213,404700,404700,421,421,406600,1
2,176,404800,404800,131,131,407100,2
0,116,406000,406000,774,774,409500,0
1,214,406600,406600,421,421,408500,1
2,177,407100,407100,131,131,409400,2
1,215,408500,408500,421,421,410400,1
2,178,409400,409400,131,131,411700,2
0,117,409500,409500,774,774,413000,0
1,216,410400,410400,421,421,412300,1
2,179,411700,411700,131,131,414000,2
1,217,412300,412300,421,421,414200,1
0,118,413000,413000,774,774,416500,0
2,180,414000,414000,131,131,416300,2
1,218,414200,414200,421,421,416100,1
1,219,416100,416100,421,421,418000,1
2,181,416300,416300,131,131,418600,2
0,119,416500,416500,774,774,420000,0
1,220,418000,418000,421,421,419900,1
2,182,418600,418600,131,131,420900,2
1,221,419900,419900,421,421,421800,1
0,120,420000,420000,774,774,423500,0
2,183,420900,420900,131,131,423200,2
1,222,421800,421800,421,421,423700,1
2,184,423200,423200,131,131,425500,2
0,121,423500,423500,774,774,427000,0
1,223,423700,423700,421,421,425600,1
2,185,425500,425500,131,131,427800,2
1,224,425600,425600,421,421,427500,1
0,122,427000,427000,774,774,430500,0
1,225,427500,427500,421,421,429400,1
2,186,427800,427800,131,131,430100,2
1,226,429400,429400,421,421,431300,1
2,187,430100,430100,131,131,432400,2
0,123,430500,430500,774,774,434000,0
1,227,431300,431300,421,421,433200,1
2,188,432400,432400,131,131,434700,2
1,228,433200,433200,421,421,435100,1
0,124,434000,434000,774,774,437500,0
2,189,434700,434700,131,131,437000,2
1,229,435100,435100,421,421,437000,1
1,230,437000,437000,421,421,438900,1
2,190,437000,437000,131,131,439300,2
0,125,437500,437500,774,774,441000,0
1,231,438900,438900,421,421,440800,1
2,191,439300,439300,131,131,441600,2
1,232,440800,440800,421,421,442700,1
0,126,441000,441000,774,774,444500,0
2,192,441600,441600,131,131,443900,2
1,233,442700,442700,421,421,444600,1
2,193,443900,443900,131,131,446200,2
0,127,444500,444500,774,774,448000,0
1,234,444600,444600,421,421,446500,1
2,194,446200,446200,131,131,448500,2
1,235,446500,446500,421,421,448400,1
0,128,448000,448000,774,774,451500,0
1,236,448400,448400,421,421,450300,1
2,195,448500,448500,131,131,450800,2
1,237,450300,450300,421,421,452200,1
2,196,450800,450800,131,131,453100,2
0,129,451500,451500,774,774,455000,0
1,238,452200,452200,421,421,454100,1
2,197,453100,453100,131,131,455400,2
1,239,454100,454100,421,421,456000,1
0,130,455000,455000,774,774,458500,0
2,198,455400,455400,131,131,457700,2
1,240,456000,456000,421,421,457900,1
2,199,457700,457700,131,131,460000,2
1,241,457900,457900,421,421,459800,1
0,131,458500,458500,774,774,462000,0
1,242,459800,459800,421,421,461700,1
2,200,460000,460000,131,131,462300,2
1,243,461700,461700,421,421,463600,1
0,132,462000,462000,774,774,465500,0
2,201,462300,462300,131,131,464600,2
1,244,463600,463600,421,421,465500,1
2,202,464600,464600,131,131,466900,2
1,245,465500,465500,421,421,467400,1
0,133,465500,465500,774,774,469000,0
2,203,466900,466900,131,131,469200,2
1,246,467400,467400,421,421,469300,1
0,134,469000,469000,774,774,472500,0
2,204,469200,469200,131,131,471500,2
1,247,469300,469300,421,421,471200,1
1,248,471200,471200,421,421,473100,1
2,205,471500,471500,131,131,473800,2
0,135,472500,472500,774,774,476000,0
1,249,473100,473100,421,421,475000,1
2,206,473800,473800,131,131,476100,2
1,250,475000,475000,421,421,476900,1
0,136,476000,476000,774,774,479500,0
2,207,476100,476100,131,131,478400,2
1,251,476900,476900,421,421,478800,1
2,208,478400,478400,131,131,480700,2
1,252,478800,478800,421,421,480700,1
0,137,479500,479500,774,774,483000,0
1,253,480700,480700,421,421,482600,1
2,209,480700,480700,131,131,483000,2
1,254,482600,482600,421,421,484500,1
2,210,483000,483000,131,131,485300,2
0,138,483000,483000,774,774,486500,0
1,255,484500,484500,421,421,486400,1
2,211,485300,485300,131,131,487600,2
1,256,486400,486400,421,421,488300,1
0,139,486500,486500,774,774,490000,0
2,212,487600,487600,131,131,489900,2
1,257,488300,488300,421,421,490200,1
2,213,489900,489900,131,131,492200,2
0,140,490000,490000,774,774,493500,0
1,258,490200,490200,421,421,492100,1
1,259,492100,492100,421,421,494000,1
2,214,492200,492200,131,131,494500,2
0,141,493500,493500,774,774,497000,0
1,260,494000,494000,421,421,495900,1
2,215,494500,494500,131,131,496800,2
1,261,495900,495900,421,421,497800,1
2,216,496800,496800,131,131,499100,2
0,142,497000,497000,774,774,500500,0
1,262,497800,497800,421,421,499700,1
2,217,499100,499100,131,131,501400,2
1,263,499700,499700,421,421,501600,1
0,143,500500,500500,774,774,504000,0
2,218,501400,501400,131,131,503700,2
1,264,501600,501600,421,421,503500,1
1,265,503500,503500,421,421,505400,1
2,219,503700,503700,131,131,506000,2
0,144,504000,504000,774,774,507500,0
1,266,505400,505400,421,421,507300,1
2,220,506000,506000,131,131,508300,2
1,267,507300,507300,421,421,509200,1
0,145,507500,507500,774,774,511000,0
2,221,508300,508300,131,131,510600,2
1,268,509200,509200,421,421,511100,1
2,222,510600,510600,131,131,512900,2
0,146,511000,511000,774,774,514500,0
1,269,511100,511100,421,421,513000,1
2,223,512900,512900,131,131,515200,2
1,270,513000,513000,421,421,514900,1
0,147,514500,514500,774,774,518000,0
1,271,514900,514900,421,421,516800,1
2,224,515200,515200,131,131,517500,2
1,272,516800,516800,421,421,518700,1
2,225,517500,517500,131,131,519800,2
0,148,518000,518000,774,774,521500,0
1,273,518700,518700,421,421,520600,1
2,226,519800,519800,131,131,522100,2
1,274,520600,520600,421,421,522500,1
0,149,521500,521500,774,774,525000,0
2,227,522100,522100,131,131,524400,2
1,275,522500,522500,421,421,524400,1
1,276,524400,524400,421,421,526300,1
2,228,524400,524400,131,131,526700,2
0,150,525000,525000,774,774,528500,0
1,277,526300,526300,421,421,528200,1
2,229,526700,526700,131,131,529000,2
1,278,528200,528200,421,421,530100,1
0,151,528500,528500,774,774,532000,0
2,230,529000,529000,131,131,531300,2
1,279,530100,530100,421,421,532000,1
2,231,531300,531300,131,131,533600,2
1,280,532000,532000,421,421,533900,1
0,152,532000,532000,774,774,535500,0
2,232,533600,533600,131,131,535900,2
1,281,533900,533900,421,421,535800,1
0,153,535500,535500,774,774,539000,0
1,282,535800,535800,421,421,537700,1
2,233,535900,535900,131,131,538200,2
1,283,537700,537700,421,421,539600,1
2,234,538200,538200,131,131,540500,2
0,154,539000,539000,774,774,542500,0
1,284,539600,539600,421,421,541500,1
2,235,540500,540500,131,131,542800,2
1,285,541500,541500,421,421,543400,1
0,155,542500,542500,774,774,546000,0
2,236,542800,542800,131,131,545100,2
1,286,543400,543400,421,421,545300,1
2,237,545100,545100,131,131,547400,2
1,287,545300,545300,421,421,547200,1
0,156,546000,546000,774,774,549500,0
1,288,547200,547200,421,421,549100,1
2,238,547400,547400,131,131,549700,2
1,289,549100,549100,421,421,551000,1
0,157,549500,549500,774,774,553000,0
2,239,549700,549700,131,131,552000,2
1,290,551000,551000,421,421,552900,1
2,240,552000,552000,131,131,554300,2
1,291,552900,552900,421,421,554800,1
0,158,553000,553000,774,774,556500,0
2,241,554300,554300,131,131,556600,2
1,292,554800,554800,421,421,556700,1
0,159,556500,556500,774,774,560000,0
2,242,556600,556600,131,131,558900,2
1,293,556700,556700,421,421,558600,1
1,294,558600,558600,421,421,560500,1
2,243,558900,558900,131,131,561200,2
0,160,560000,560000,774,774,563500,0
1,295,560500,560500,421,421,562400,1
2,244,561200,561200,131,131,563500,2
1,296,562400,562400,421,421,564300,1
2,245,563500,563500,131,131,565800,2
0,161,563500,563500,774,774,567000,0
1,297,564300,564300,421,421,566200,1
2,246,565800,565800,131,131,568100,2
1,298,566200,566200,421,421,568100,1
0,162,567000,567000,774,774,570500,0
1,299,568100,568100,421,421,570000,1
2,247,568100,568100,131,131,570400,2
1,300,570000,570000,421,421,571900,1
2,248,570400,570400,131,131,572700,2
0,163,570500,570500,774,774,574000,0
1,301,571900,571900,421,421,573800,1
2,249,572700,572700,131,131,575000,2
1,302,573800,573800,421,421,575700,1
0,164,574000,574000,774,774,577500,0
2,250,575000,575000,131,131,577300,2
1,303,575700,575700,421,421,577600,1
2,251,577300,577300,131,131,579600,2
0,165,577500,577500,774,774,581000,0
1,304,577600,577600,421,421,579500,1
1,305,579500,579500,421,421,581400,1
2,252,579600,579600,131,131,581900,2
0,166,581000,581000,774,774,584500,0
1,306,581400,581400,421,421,583300,1
2,253,581900,581900,131,131,584200,2
1,307,583300,583300,421,421,585200,1
2,254,584200,584200,131,131,586500,2
0,167,584500,584500,774,774,588000,0
1,308,585200,585200,421,421,587100,1
2,255,586500,586500,131,131,588800,2
1,309,587100,587100,421,421,589000,1
0,168,588000,588000,774,774,591500,0
2,256,588800,588800,131,131,591100,2
1,310,589000,589000,421,421,590900,1
1,311,590900,590900,421,421,592800,1
2,257,591100,591100,131,131,593400,2
0,169,591500,591500,774,774,595000,0
1,312,592800,592800,421,421,594700,1
2,258,593400,593400,131,131,595700,2
1,313,594700,594700,421,421,596600,1
0,170,595000,595000,774,774,598500,0
2,259,595700,595700,131,131,598000,2
1,314,596600,596600,421,421,598500,1
2,260,598000,598000,131,131,600300,2
1,315,598500,598500,421,421,600400,1
0,171,598500,598500,774,774,602000,0
2,261,600300,600300,131,131,602600,2
1,316,600400,600400,421,421,602300,1
0,172,602000,602000,774,774,605500,0
1,317,602300,602300,421,421,604200,1
2,262,602600,602600,131,131,604900,2
1,318,604200,604200,421,421,606100,1
2,263,604900,604900,131,131,607200,2
0,173,605500,605500,774,774,609000,0
1,319,606100,606100,421,421,608000,1
2,264,607200,607200,131,131,609500,2
1,320,608000,608000,421,421,609900,1
0,174,609000,609000,774,774,612500,0
2,265,609500,609500,131,131,611800,2
1,321,609900,609900,421,421,611800,1
1,322,611800,611800,421,421,613700,1
2,266,611800,611800,131,131,614100,2
0,175,612500,612500,774,774,616000,0
1,323,613700,613700,421,421,615600,1
2,267,614100,614100,131,131,616400,2
1,324,615600,615600,421,421,617500,1
0,176,616000,616000,774,774,619500,0
2,268,616400,616400,131,131,618700,2
1,325,617500,617500,421,421,619400,1
2,269,618700,618700,131,131,621000,2
1,326,619400,619400,421,421,621300,1
0,177,619500,619500,774,774,623000,0
2,270,621000,621000,131,131,623300,2
1,327,621300,621300,421,421,623200,1
0,178,623000,623000,774,774,626500,0
1,328,623200,623200,421,421,625100,1
2,271,623300,623300,131,131,625600,2
1,329,625100,625100,421,421,627000,1
2,272,625600,625600,131,131,627900,2
0,179,626500,626500,774,774,630000,0
1,330,627000,627000,421,421,628900,1
2,273,627900,627900,131,131,630200,2
1,331,628900,628900,421,421,630800,1
0,180,630000,630000,774,774,633500,0
2,274,630200,630200,131,131,632500,2
1,332,630800,630800,421,421,632700,1
2,275,632500,632500,131,131,634800,2
1,333,632700,632700,421,421,634600,1
0,181,633500,633500,774,774,637000,0
1,334,634600,634600,421,421,636500,1
2,276,634800,634800,131,131,637100,2
1,335,636500,636500,421,421,638400,1
0,182,637000,637000,774,774,640500,0
2,277,637100,637100,131,131,639400,2
1,336,638400,638400,421,421,640300,1
2,278,639400,639400,131,131,641700,2
1,337,640300,640300,421,421,642200,1
0,183,640500,640500,774,774,644000,0
2,279,641700,641700,131,131,644000,2
1,338,642200,642200,421,421,644100,1
2,280,644000,644000,131,131,646300,2
1,339,644100,644100,421,421,646000,1
0,184,644000,644000,774,774,647500,0
1,340,646000,646000,421,421,647900,1
2,281,646300,646300,131,131,648600,2
0,185,647500,647500,774,774,651000,0
1,341,647900,647900,421,421,649800,1
2,282,648600,648600,131,131,650900,2
1,342,649800,649800,421,421,651700,1
2,283,650900,650900,131,131,653200,2
0,186,651000,651000,774,774,654500,0
1,343,651700,651700,421,421,653600,1
2,284,653200,653200,131,131,655500,2
1,344,653600,653600,421,421,655500,1
0,187,654500,654500,774,774,658000,0
1,345,655500,655500,421,421,657400,1
2,285,655500,655500,131,131,657800,2
1,346,657400,657400,421,421,659300,1
2,286,657800,657800,131,131,660100,2
0,188,658000,658000,774,774,661500,0
1,347,659300,659300,421,421,661200,1
2,287,660100,660100,131,131,662400,2
1,348,661200,661200,421,421,663100,1
0,189,661500,661500,774,774,665000,0
2,288,662400,662400,131,131,664700,2
1,349,663100,663100,421,421,665000,1
2,289,664700,664700,131,131,667000,2
1,350,665000,665000,421,421,666900,1
0,190,665000,665000,774,774,668500,0
1,351,666900,666900,421,421,668800,1
2,290,667000,667000,131,131,669300,2
0,191,668500,668500,774,774,672000,0
1,352,668800,668800,421,421,670700,1
2,291,669300,669300,131,131,671600,2
1,353,670700,670700,421,421,672600,1
2,292,671600,671600,131,131,673900,2
0,192,672000,672000,774,774,675500,0
1,354,672600,672600,421,421,674500,1
2,293,673900,673900,131,131,676200,2
1,355,674500,674500,421,421,676400,1
0,193,675500,675500,774,774,679000,0
2,294,676200,676200,131,131,678500,2
1,356,676400,676400,421,421,678300,1
1,357,678300,678300,421,421,680200,1
2,295,678500,678500,131,131,680800,2
0,194,679000,679000,774,774,682500,0
1,358,680200,680200,421,421,682100,1
2,296,680800,680800,131,131,683100,2
1,359,682100,682100,421,421,684000,1
0,195,682500,682500,774,774,686000,0
2,297,683100,683100,131,131,685400,2
1,360,684000,684000,421,421,685900,1
2,298,685400,685400,131,131,687700,2
1,361,685900,685900,421,421,687800,1
0,196,686000,686000,774,774,689500,0
2,299,687700,687700,131,131,690000,2
1,362,687800,687800,421,421,689700,1
0,197,689500,689500,774,774,693000,0
1,363,689700,689700,421,421,691600,1
2,300,690000,690000,131,131,692300,2
1,364,691600,691600,421,421,693500,1
2,301,692300,692300,131,131,694600,2
0,198,693000,693000,774,774,696500,0
1,365,693500,693500,421,421,695400,1
2,302,694600,694600,131,131,696900,2
1,366,695400,695400,421,421,697300,1
0,199,696500,696500,774,774,700000,0
2,303,696900,696900,131,131,699200,2
1,367,697300,697300,421,421,699200,1
1,368,699200,699200,421,421,701100,1
2,304,699200,699200,131,131,701500,2
0,200,700000,700000,774,774,703500,0
1,369,701100,701100,421,421,703000,1
2,305,701500,701500,131,131,703800,2
1,370,703000,703000,421,421,704900,1
0,201,703500,703500,774,774,707000,0
2,306,703800,703800,131,131,706100,2
1,371,704900,704900,421,421,706800,1
2,307,706100,706100,131,131,708400,2
1,372,706800,706800,421,421,708700,1
0,202,707000,707000,774,774,710500,0
2,308,708400,708400,131,131,710700,2
1,373,708700,708700,421,421,710600,1
0,203,710500,710500,774,774,714000,0
1,374,710600,710600,421,421,712500,1
2,309,710700,710700,131,131,713000,2
1,375,712500,712500,421,421,714400,1
2,310,713000,713000,131,131,715300,2
0,204,714000,714000,774,774,717500,0
1,376,714400,714400,421,421,716300,1
2,311,715300,715300,131,131,717600,2
1,377,716300,716300,421,421,718200,1
0,205,717500,717500,774,774,721000,0
2,312,717600,717600,131,131,719900,2
1,378,718200,718200,421,421,720100,1
2,313,719900,719900,131,131,722200,2
1,379,720100,720100,421,421,722000,1
0,206,721000,721000,774,774,724500,0
1,380,722000,722000,421,421,723900,1
2,314,722200,722200,131,131,724500,2
1,381,723900,723900,421,421,725800,1
2,315,724500,724500,131,131,726800,2
0,207,724500,724500,774,774,728000,0
1,382,725800,725800,421,421,727700,1
2,316,726800,726800,131,131,729100,2
1,383,727700,727700,421,421,729600,1
0,208,728000,728000,774,774,731500,0
2,317,729100,729100,131,131,731400,2
1,384,729600,729600,421,421,731500,1
2,318,731400,731400,131,131,733700,2
1,385,731500,731500,421,421,733400,1
0,209,731500,731500,774,774,735000,0
1,386,733400,733400,421,421,735300,1
2,319,733700,733700,131,131,736000,2
0,210,735000,735000,774,774,738500,0
1,387,735300,735300,421,421,737200,1
2,320,736000,736000,131,131,738300,2
1,388,737200,737200,421,421,739100,1
2,321,738300,738300,131,131,740600,2
0,211,738500,738500,774,774,742000,0
1,389,739100,739100,421,421,741000,1
2,322,740600,740600,131,131,742900,2
1,390,741000,741000,421,421,742900,1
0,212,742000,742000,774,774,745500,0
1,391,742900,742900,421,421,744800,1
2,323,742900,742900,131,131,745200,2
1,392,744800,744800,421,421,746700,1
2,324,745200,745200,131,131,747500,2
0,213,745500,745500,774,774,749000,0
1,393,746700,746700,421,421,748600,1
2,325,747500,747500,131,131,749800,2
1,394,748600,748600,421,421,750500,1
0,214,749000,749000,774,774,752500,0
2,326,749800,749800,131,131,752100,2
1,395,750500,750500,421,421,752400,1
2,327,752100,752100,131,131,754400,2
1,396,752400,752400,421,421,754300,1
0,215,752500,752500,774,774,756000,0
1,397,754300,754300,421,421,756200,1
2,328,754400,754400,131,131,756700,2
0,216,756000,756000,774,774,759500,0
1,398,756200,756200,421,421,758100,1
2,329,756700,756700,131,131,759000,2
1,399,758100,758100,421,421,760000,1
2,330,759000,759000,131,131,761300,2
0,217,759500,759500,774,774,763000,0
1,400,760000,760000,421,421,761900,1
2,331,761300,761300,131,131,763600,2
1,401,761900,761900,421,421,763800,1
0,218,763000,763000,774,774,766500,0
2,332,763600,763600,131,131,765900,2
1,402,763800,763800,421,421,765700,1
1,403,765700,765700,421,421,767600,1
2,333,765900,765900,131,131,768200,2
0,219,766500,766500,774,774,770000,0
1,404,767600,767600,421,421,769500,1
2,334,768200,768200,131,131,770500,2
1,405,769500,769500,421,421,771400,1
0,220,770000,770000,774,774,773500,0
2,335,770500,770500,131,131,772800,2
1,406,771400,771400,421,421,773300,1
2,336,772800,772800,131,131,775100,2
1,407,773300,773300,421,421,775200,1
0,221,773500,773500,774,774,777000,0
2,337,775100,775100,131,131,777400,2
1,408,775200,775200,421,421,777100,1
0,222,777000,777000,774,774,780500,0
1,409,777100,777100,421,421,779000,1
2,338,777400,777400,131,131,779700,2
1,410,779000,779000,421,421,780900,1
2,339,779700,779700,131,131,782000,2
0,223,780500,780500,774,774,784000,0
1,411,780900,780900,421,421,782800,1
2,340,782000,782000,131,131,784300,2
1,412,782800,782800,421,421,784700,1
0,224,784000,784000,774,774,787500,0
2,341,784300,784300,131,131,786600,2
1,413,784700,784700,421,421,786600,1
1,414,786600,786600,421,421,788500,1
2,342,786600,786600,131,131,788900,2
0,225,787500,787500,774,774,791000,0
1,415,788500,788500,421,421,790400,1
2,343,788900,788900,131,131,791200,2
1,416,790400,790400,421,421,792300,1
0,226,791000,791000,774,774,794500,0
2,344,791200,791200,131,131,793500,2
1,417,792300,792300,421,421,794200,1
2,345,793500,793500,131,131,795800,2
1,418,794200,794200,421,421,796100,1
0,227,794500,794500,774,774,798000,0
2,346,795800,795800,131,131,798100,2
1,419,796100,796100,421,421,798000,1
1,420,798000,798000,421,421,799900,1
2,347,798100,798100,131,131,800400,2
0,228,798000,798000,774,774,801500,0
1,421,799900,799900,421,421,801800,1
2,348,800400,800400,131,131,802700,2
0,229,801500,801500,774,774,805000,0
1,422,801800,801800,421,421,803700,1
2,349,802700,802700,131,131,805000,2
1,423,803700,803700,421,421,805600,1
2,350,805000,805000,131,131,807300,2
0,230,805000,805000,774,774,808500,0
1,424,805600,805600,421,421,807500,1
2,351,807300,807300,131,131,809600,2
1,425,807500,807500,421,421,809400,1
0,231,808500,808500,774,774,812000,0
1,426,809400,809400,421,421,811300,1
2,352,809600,809600,131,131,811900,2
1,427,811300,811300,421,421,813200,1
2,353,811900,811900,131,131,814200,2
0,232,812000,812000,774,774,815500,0
1,428,813200,813200,421,421,815100,1
2,354,814200,814200,131,131,816500,2
1,429,815100,815100,421,421,817000,1
0,233,815500,815500,774,774,819000,0
2,355,816500,816500,131,131,818800,2
1,430,817000,817000,421,421,818900,1
2,356,818800,818800,131,131,821100,2
1,431,818900,818900,421,421,820800,1
0,234,819000,819000,774,774,822500,0
1,432,820800,820800,421,421,822700,1
2,357,821100,821100,131,131,823400,2
0,235,822500,822500,774,774,826000,0
1,433,822700,822700,421,421,824600,1
2,358,823400,823400,131,131,825700,2
1,434,824600,824600,421,421,826500,1
2,359,825700,825700,131,131,828000,2
0,236,826000,826000,774,774,829500,0
1,435,826500,826500,421,421,828400,1
2,360,828000,828000,131,131,830300,2
1,436,828400,828400,421,421,830300,1
0,237,829500,829500,774,774,833000,0
1,437,830300,830300,421,421,832200,1
2,361,830300,830300,131,131,832600,2
1,438,832200,832200,421,421,834100,1
2,362,832600,832600,131,131,834900,2
0,238,833000,833000,774,774,836500,0
1,439,834100,834100,421,421,836000,1
2,363,834900,834900,131,131,837200,2
1,440,836000,836000,421,421,837900,1
0,239,836500,836500,774,774,840000,0
2,364,837200,837200,131,131,839500,2
1,441,837900,837900,421,421,839800,1
2,365,839500,839500,131,131,841800,2
1,442,839800,839800,421,421,841700,1
0,240,840000,840000,774,774,843500,0
1,443,841700,841700,421,421,843600,1
2,366,841800,841800,131,131,844100,2
0,241,843500,843500,774,774,847000,0
1,444,843600,843600,421,421,845500,1
2,367,844100,844100,131,131,846400,2
1,445,845500,845500,421,421,847400,1
2,368,846400,846400,131,131,848700,2
0,242,847000,847000,774,774,850500,0
1,446,847400,847400,421,421,849300,1
2,369,848700,848700,131,131,851000,2
1,447,849300,849300,421,421,851200,1
0,243,850500,850500,774,774,854000,0
2,370,851000,851000,131,131,853300,2
1,448,851200,851200,421,421,853100,1
1,449,853100,853100,421,421,855000,1
2,371,853300,853300,131,131,855600,2
0,244,854000,854000,774,774,857500,0
1,450,855000,855000,421,421,856900,1
2,372,855600,855600,131,131,857900,2
1,451,856900,856900,421,421,858800,1
0,245,857500,857500,774,774,861000,0
2,373,857900,857900,131,131,860200,2
1,452,858800,858800,421,421,860700,1
2,374,860200,860200,131,131,862500,2
1,453,860700,860700,421,421,862600,1
0,246,861000,861000,774,774,864500,0
2,375,862500,862500,131,131,864800,2
1,454,862600,862600,421,421,864500,1
1,455,864500,864500,421,421,866400,1
2,376,864800,864800,131,131,867100,2
0,247,864500,864500,774,774,868000,0
1,456,866400,866400,421,421,868300,1
2,377,867100,867100,131,131,869400,2
0,248,868000,868000,774,774,871500,0
1,457,868300,868300,421,421,870200,1
2,378,869400,869400,131,131,871700,2
1,458,870200,870200,421,421,872100,1
0,249,871500,871500,774,774,875000,0
2,379,871700,871700,131,131,874000,2
1,459,872100,872100,421,421,874000,1
1,460,874000,874000,421,421,875900,1
2,380,874000,874000,131,131,876300,2
0,250,875000,875000,774,774,878500,0
1,461,875900,875900,421,421,877800,1
2,381,876300,876300,131,131,878600,2
1,462,877800,877800,421,421,879700,1
0,251,878500,878500,774,774,882000,0
2,382,878600,878600,131,131,880900,2
1,463,879700,879700,421,421,881600,1
2,383,880900,880900,131,131,883200,2
1,464,881600,881600,421,421,883500,1
0,252,882000,882000,774,774,885500,0
2,384,883200,883200,131,131,885500,2
1,465,883500,883500,421,421,885400,1
1,466,885400,885400,421,421,887300,1
2,385,885500,885500,131,131,887800,2
0,253,885500,885500,774,774,889000,0
1,467,887300,887300,421,421,889200,1
2,386,887800,887800,131,131,890100,2
0,254,889000,889000,774,774,892500,0
1,468,889200,889200,421,421,891100,1
2,387,890100,890100,131,131,892400,2
1,469,891100,891100,421,421,893000,1
2,388,892400,892400,131,131,894700,2
0,255,892500,892500,774,774,896000,0
1,470,893000,893000,421,421,894900,1
2,389,894700,894700,131,131,897000,2
1,471,894900,894900,421,421,896800,1
0,256,896000,896000,774,774,899500,0
1,472,896800,896800,421,421,898700,1
2,390,897000,897000,131,131,899300,2
1,473,898700,898700,421,421,900600,1
2,391,899300,899300,131,131,901600,2
0,257,899500,899500,774,774,903000,0
1,474,900600,900600,421,421,902500,1
2,392,901600,901600,131,131,903900,2
1,475,902500,902500,421,421,904400,1
0,258,903000,903000,774,774,906500,0
2,393,903900,903900,131,131,906200,2
1,476,904400,904400,421,421,906300,1
2,394,906200,906200,131,131,908500,2
1,477,906300,906300,421,421,908200,1
0,259,906500,906500,774,774,910000,0
1,478,908200,908200,421,421,910100,1
2,395,908500,908500,131,131,910800,2
0,260,910000,910000,774,774,913500,0
1,479,910100,910100,421,421,912000,1
2,396,910800,910800,131,131,913100,2
1,480,912000,912000,421,421,913900,1
2,397,913100,913100,131,131,915400,2
0,261,913500,913500,774,774,917000,0
1,481,913900,913900,421,421,915800,1
2,398,915400,915400,131,131,917700,2
1,482,915800,915800,421,421,917700,1
0,262,917000,917000,774,774,920500,0
1,483,917700,917700,421,421,919600,1
2,399,917700,917700,131,131,920000,2
1,484,919600,919600,421,421,921500,1
2,400,920000,920000,131,131,922300,2
0,263,920500,920500,774,774,924000,0
1,485,921500,921500,421,421,923400,1
2,401,922300,922300,131,131,924600,2
1,486,923400,923400,421,421,925300,1
0,264,924000,924000,774,774,927500,0
2,402,924600,924600,131,131,926900,2
1,487,925300,925300,421,421,927200,1
2,403,926900,926900,131,131,929200,2
1,488,927200,927200,421,421,929100,1
0,265,927500,927500,774,774,931000,0
1,489,929100,929100,421,421,931000,1
2,404,929200,929200,131,131,931500,2
1,490,931000,931000,421,421,932900,1
0,266,931000,931000,774,774,934500,0
2,405,931500,931500,131,131,933800,2
1,491,932900,932900,421,421,934800,1
2,406,933800,933800,131,131,936100,2
0,267,934500,934500,774,774,938000,0
1,492,934800,934800,421,421,936700,1
2,407,936100,936100,131,131,938400,2
1,493,936700,936700,421,421,938600,1
0,268,938000,938000,774,774,941500,0
2,408,938400,938400,131,131,940700,2
1,494,938600,938600,421,421,940500,1
1,495,940500,940500,421,421,942400,1
2,409,940700,940700,131,131,943000,2
0,269,941500,941500,774,774,945000,0
1,496,942400,942400,421,421,944300,1
2,410,943000,943000,131,131,945300,2
1,497,944300,944300,421,421,946200,1
0,270,945000,945000,774,774,948500,0
2,411,945300,945300,131,131,947600,2
1,498,946200,946200,421,421,948100,1
2,412,947600,947600,131,131,949900,2
1,499,948100,948100,421,421,950000,1
0,271,948500,948500,774,774,952000,0
2,413,949900,949900,131,131,952200,2
1,500,950000,950000,421,421,951900,1
1,501,951900,951900,421,421,953800,1
0,272,952000,952000,774,774,955500,0
2,414,952200,952200,131,131,954500,2
1,502,953800,953800,421,421,955700,1
2,415,954500,954500,131,131,956800,2
0,273,955500,955500,774,774,959000,0
1,503,955700,955700,421,421,957600,1
2,416,956800,956800,131,131,959100,2
1,504,957600,957600,421,421,959500,1
0,274,959000,959000,774,774,962500,0
2,417,959100,959100,131,131,961400,2
1,505,959500,959500,421,421,961400,1
1,506,961400,961400,421,421,963300,1
2,418,961400,961400,131,131,963700,2
0,275,962500,962500,774,774,966000,0
1,507,963300,963300,421,421,965200,1
2,419,963700,963700,131,131,966000,2
1,508,965200,965200,421,421,967100,1
2,420,966000,966000,131,131,968300,2
0,276,966000,966000,774,774,969500,0
1,509,967100,967100,421,421,969000,1
2,421,968300,968300,131,131,970600,2
1,510,969000,969000,421,421,970900,1
0,277,969500,969500,774,774,973000,0
2,422,970600,970600,131,131,972900,2
1,511,970900,970900,421,421,972800,1
1,512,972800,972800,421,421,974700,1
2,423,972900,972900,131,131,975200,2
0,278,973000,973000,774,774,976500,0
1,513,974700,974700,421,421,976600,1
2,424,975200,975200,131,131,977500,2
0,279,976500,976500,774,774,980000,0
1,514,976600,976600,421,421,978500,1
2,425,977500,977500,131,131,979800,2
1,515,978500,978500,421,421,980400,1
2,426,979800,979800,131,131,982100,2
0,280,980000,980000,774,774,983500,0
1,516,980400,980400,421,421,982300,1
2,427,982100,982100,131,131,984400,2
1,517,982300,982300,421,421,984200,1
0,281,983500,983500,774,774,987000,0
1,518,984200,984200,421,421,986100,1
2,428,984400,984400,131,131,986700,2
1,519,986100,986100,421,421,988000,1
2,429,986700,986700,131,131,989000,2
0,282,987000,987000,774,774,990500,0
1,520,988000,988000,421,421,989900,1
2,430,989000,989000,131,131,991300,2
1,521,989900,989900,421,421,991800,1
0,283,990500,990500,774,774,994000,0
2,431,991300,991300,131,131,993600,2
1,522,991800,991800,421,421,993700,1
2,432,993600,993600,131,131,995900,2
1,523,993700,993700,421,421,995600,1
0,284,994000,994000,774,774,997500,0
1,524,995600,995600,421,421,997500,1
2,433,995900,995900,131,131,998200,2
1,525,997500,997500,421,421,999400,1
0,285,997500,997500,774,774,1001000,0
2,434,998200,998200,131,131,1000500,2
1,526,999400,999400,421,421,1001300,1
2,435,1000500,1000500,131,131,1002800,2
0,286,1001000,1001000,774,774,1004500,0
1,527,1001300,1001300,421,421,1003200,1
2,436,1002800,1002800,131,131,1005100,2
1,528,1003200,1003200,421,421,1005100,1
0,287,1004500,1004500,774,774,1008000,0
1,529,1005100,1005100,421,421,1007000,1
2,437,1005100,1005100,131,131,1007400,2
1,530,1007000,1007000,421,421,1008900,1
2,438,1007400,1007400,131,131,1009700,2
0,288,1008000,1008000,774,774,1011500,0
1,531,1008900,1008900,421,421,1010800,1
2,439,1009700,1009700,131,131,1012000,2
1,532,1010800,1010800,421,421,1012700,1
0,289,1011500,1011500,774,774,1015000,0
2,440,1012000,1012000,131,131,1014300,2
1,533,1012700,1012700,421,421,1014600,1
2,441,1014300,1014300,131,131,1016600,2
1,534,1014600,1014600,421,421,1016500,1
0,290,1015000,1015000,774,774,1018500,0
1,535,1016500,1016500,421,421,1018400,1
2,442,1016600,1016600,131,131,1018900,2
1,536,1018400,1018400,421,421,1020300,1
0,291,1018500,1018500,774,774,1022000,0
2,443,1018900,1018900,131,131,1021200,2
1,537,1020300,1020300,421,421,1022200,1
2,444,1021200,1021200,131,131,1023500,2
0,292,1022000,1022000,774,774,1025500,0
1,538,1022200,1022200,421,421,1024100,1
2,445,1023500,1023500,131,131,1025800,2
1,539,1024100,1024100,421,421,1026000,1
0,293,1025500,1025500,774,774,1029000,0
2,446,1025800,1025800,131,131,1028100,2
1,540,1026000,1026000,421,421,1027900,1
1,541,1027900,1027900,421,421,1029800,1
2,447,1028100,1028100,131,131,1030400,2
0,294,1029000,1029000,774,774,1032500,0
1,542,1029800,1029800,421,421,1031700,1
2,448,1030400,1030400,131,131,1032700,2
1,543,1031700,1031700,421,421,1033600,1
0,295,1032500,1032500,774,774,1036000,0
2,449,1032700,1032700,131,131,1035000,2
1,544,1033600,1033600,421,421,1035500,1
2,450,1035000,1035000,131,131,1037300,2
1,545,1035500,1035500,421,421,1037400,1
0,296,1036000,1036000,774,774,1039500,0
2,451,1037300,1037300,131,131,1039600,2
1,546,1037400,1037400,421,421,1039300,1
1,547,1039300,1039300,421,421,1041200,1
0,297,1039500,1039500,774,774,1043000,0
2,452,1039600,1039600,131,131,1041900,2
1,548,1041200,1041200,421,421,1043100,1
2,453,1041900,1041900,131,131,1044200,2
0,298,1043000,1043000,774,774,1046500,0
1,549,1043100,1043100,421,421,1045000,1
2,454,1044200,1044200,131,131,1046500,2
1,550,1045000,1045000,421,421,1046900,1
2,455,1046500,1046500,131,131,1048800,2
0,299,1046500,1046500,774,774,1050000,0
1,551,1046900,1046900,421,421,1048800,1
1,552,1048800,1048800,421,421,1050700,1
2,456,1048800,1048800,131,131,1051100,2
0,300,1050000,1050000,774,774,1053500,0
1,553,1050700,1050700,421,421,1052600,1
2,457,1051100,1051100,131,131,1053400,2
1,554,1052600,1052600,421,421,1054500,1
2,458,1053400,1053400,131,131,1055700,2
0,301,1053500,1053500,774,774,1057000,0
1,555,1054500,1054500,421,421,1056400,1
2,459,1055700,1055700,131,131,1058000,2
1,556,1056400,1056400,421,421,1058300,1
0,302,1057000,1057000,774,774,1060500,0
2,460,1058000,1058000,131,131,1060300,2
1,557,1058300,1058300,421,421,1060200,1
1,558,1060200,1060200,421,421,1062100,1
2,461,1060300,1060300,131,131,1062600,2
0,303,1060500,1060500,774,774,1064000,0
1,559,1062100,1062100,421,421,1064000,1
2,462,1062600,1062600,131,131,1064900,2
1,560,1064000,1064000,421,421,1065900,1
0,304,1064000,1064000,774,774,1067500,0
2,463,1064900,1064900,131,131,1067200,2
1,561,1065900,1065900,421,421,1067800,1
2,464,1067200,1067200,131,131,1069500,2
0,305,1067500,1067500,774,774,1071000,0
1,562,1067800,1067800,421,421,1069700,1
2,465,1069500,1069500,131,131,1071800,2
1,563,1069700,1069700,421,421,1071600,1
0,306,1071000,1071000,774,774,1074500,0
1,564,1071600,1071600,421,421,1073500,1
2,466,1071800,1071800,131,131,1074100,2
1,565,1073500,1073500,421,421,1075400,1
2,467,1074100,1074100,131,131,1076400,2
0,307,1074500,1074500,774,774,1078000,0
1,566,1075400,1075400,421,421,1077300,1
2,468,1076400,1076400,131,131,1078700,2
1,567,1077300,1077300,421,421,1079200,1
0,308,1078000,1078000,774,774,1081500,0
2,469,1078700,1078700,131,131,1081000,2
1,568,1079200,1079200,421,421,1081100,1
2,470,1081000,1081000,131,131,1083300,2
1,569,1081100,1081100,421,421,1083000,1
0,309,1081500,1081500,774,774,1085000,0
1,570,1083000,1083000,421,421,1084900,1
2,471,1083300,1083300,131,131,1085600,2
1,571,1084900,1084900,421,421,1086800,1
0,310,1085000,1085000,774,774,1088500,0
2,472,1085600,1085600,131,131,1087900,2
1,572,1086800,1086800,421,421,1088700,1
2,473,1087900,1087900,131,131,1090200,2
0,311,1088500,1088500,774,774,1092000,0
1,573,1088700,1088700,421,421,1090600,1
2,474,1090200,1090200,131,131,1092500,2
1,574,1090600,1090600,421,421,1092500,1
0,312,1092000,1092000,774,774,1095500,0
1,575,1092500,1092500,421,421,1094400,1
2,475,1092500,1092500,131,131,1094800,2
1,576,1094400,1094400,421,421,1096300,1
2,476,1094800,1094800,131,131,1097100,2
0,313,1095500,1095500,774,774,1099000,0
1,577,1096300,1096300,421,421,1098200,1
2,477,1097100,1097100,131,131,1099400,2
1,578,1098200,1098200,421,421,1100100,1
0,314,1099000,1099000,774,774,1102500,0
2,478,1099400,1099400,131,131,1101700,2
1,579,1100100,1100100,421,421,1102000,1
2,479,1101700,1101700,131,131,1104000,2
1,580,1102000,1102000,421,421,1103900,1
0,315,1102500,1102500,774,774,1106000,0
1,581,1103900,1103900,421,421,1105800,1
2,480,1104000,1104000,131,131,1106300,2
1,582,1105800,1105800,421,421,1107700,1
0,316,1106000,1106000,774,774,1109500,0
2,481,1106300,1106300,131,131,1108600,2
1,583,1107700,1107700,421,421,1109600,1
2,482,1108600,1108600,131,131,1110900,2
0,317,1109500,1109500,774,774,1113000,0
1,584,1109600,1109600,421,421,1111500,1
2,483,1110900,1110900,131,131,1113200,2
1,585,1111500,1111500,421,421,1113400,1
0,318,1113000,1113000,774,774,1116500,0
2,484,1113200,1113200,131,131,1115500,2
1,586,1113400,1113400,421,421,1115300,1
1,587,1115300,1115300,421,421,1117200,1
2,485,1115500,1115500,131,131,1117800,2
0,319,1116500,1116500,774,774,1120000,0
1,588,1117200,1117200,421,421,1119100,1
2,486,1117800,1117800,131,131,1120100,2
1,589,1119100,1119100,421,421,1121000,1
0,320,1120000,1120000,774,774,1123500,0
2,487,1120100,1120100,131,131,1122400,2
1,590,1121000,1121000,421,421,1122900,1
2,488,1122400,1122400,131,131,1124700,2
1,591,1122900,1122900,421,421,1124800,1
0,321,1123500,1123500,774,774,1127000,0
2,489,1124700,1124700,131,131,1127000,2
1,592,1124800,1124800,421,421,1126700,1
1,593,1126700,1126700,421,421,1128600,1
2,490,1127000,1127000,131,131,1129300,2
0,322,1127000,1127000,774,774,1130500,0
1,594,1128600,1128600,421,421,1130500,1
2,491,1129300,1129300,131,131,1131600,2
1,595,1130500,1130500,421,421,1132400,1
0,323,1130500,1130500,774,774,1134000,0
2,492,1131600,1131600,131,131,1133900,2
1,596,1132400,1132400,421,421,1134300,1
2,493,1133900,1133900,131,131,1136200,2
0,324,1134000,1134000,774,774,1137500,0
1,597,1134300,1134300,421,421,1136200,1
1,598,1136200,1136200,421,421,1138100,1
2,494,1136200,1136200,131,131,1138500,2
0,325,1137500,1137500,774,774,1141000,0
1,599,1138100,1138100,421,421,1140000,1
2,495,1138500,1138500,131,131,1140800,2
1,600,1140000,1140000,421,421,1141900,1
2,496,1140800,1140800,131,131,1143100,2
0,326,1141000,1141000,774,774,1144500,0
1,601,1141900,1141900,421,421,1143800,1
2,497,1143100,1143100,131,131,1145400,2
1,602,1143800,1143800,421,421,1145700,1
0,327,1144500,1144500,774,774,1148000,0
2,498,1145400,1145400,131,131,1147700,2
1,603,1145700,1145700,421,421,1147600,1
1,604,1147600,1147600,421,421,1149500,1
2,499,1147700,1147700,131,131,1150000,2
0,328,1148000,1148000,774,774,1151500,0
1,605,1149500,1149500,421,421,1151400,1
2,500,1150000,1150000,131,131,1152300,2
1,606,1151400,1151400,421,421,1153300,1
0,329,1151500,1151500,774,774,1155000,0
2,501,1152300,1152300,131,131,1154600,2
1,607,1153300,1153300,421,421,1155200,1
2,502,1154600,1154600,131,131,1156900,2
0,330,1155000,1155000,774,774,1158500,0
1,608,1155200,1155200,421,421,1157100,1
2,503,1156900,1156900,131,131,1159200,2
1,609,1157100,1157100,421,421,1159000,1
0,331,1158500,1158500,774,774,1162000,0
1,610,1159000,1159000,421,421,1160900,1
2,504,1159200,1159200,131,131,1161500,2
1,611,1160900,1160900,421,421,1162800,1
2,505,1161500,1161500,131,131,1163800,2
0,332,1162000,1162000,774,774,1165500,0
1,612,1162800,1162800,421,421,1164700,1
2,506,1163800,1163800,131,131,1166100,2
1,613,1164700,1164700,421,421,1166600,1
0,333,1165500,1165500,774,774,1169000,0
2,507,1166100,1166100,131,131,1168400,2
1,614,1166600,1166600,421,421,1168500,1
2,508,1168400,1168400,131,131,1170700,2
1,615,1168500,1168500,421,421,1170400,1
0,334,1169000,1169000,774,774,1172500,0
1,616,1170400,1170400,421,421,1172300,1
2,509,1170700,1170700,131,131,1173000,2
1,617,1172300,1172300,421,421,1174200,1
0,335,1172500,1172500,774,774,1176000,0
2,510,1173000,1173000,131,131,1175300,2
1,618,1174200,1174200,421,421,1176100,1
2,511,1175300,1175300,131,131,1177600,2
0,336,1176000,1176000,774,774,1179500,0
1,619,1176100,1176100,421,421,1178000,1
2,512,1177600,1177600,131,131,1179900,2
1,620,1178000,1178000,421,421,1179900,1
0,337,1179500,1179500,774,774,1183000,0
1,621,1179900,1179900,421,421,1181800,1
2,513,1179900,1179900,131,131,1182200,2
1,622,1181800,1181800,421,421,1183700,1
2,514,1182200,1182200,131,131,1184500,2
0,338,1183000,1183000,774,774,1186500,0
1,623,1183700,1183700,421,421,1185600,1
2,515,1184500,1184500,131,131,1186800,2
1,624,1185600,1185600,421,421,1187500,1
0,339,1186500,1186500,774,774,1190000,0
2,516,1186800,1186800,131,131,1189100,2
1,625,1187500,1187500,421,421,1189400,1
2,517,1189100,1189100,131,131,1191400,2
1,626,1189400,1189400,421,421,1191300,1
0,340,1190000,1190000,774,774,1193500,0
1,627,1191300,1191300,421,421,1193200,1
2,518,1191400,1191400,131,131,1193700,2
1,628,1193200,1193200,421,421,1195100,1
0,341,1193500,1193500,774,774,1197000,0
2,519,1193700,1193700,131,131,1196000,2
1,629,1195100,1195100,421,421,1197000,1
2,520,1196000,1196000,131,131,1198300,2
1,630,1197000,1197000,421,421,1198900,1
0,342,1197000,1197000,774,774,1200500,0
2,521,1198300,1198300,131,131,1200600,2
1,631,1198900,1198900,421,421,1200800,1
0,343,1200500,1200500,774,774,1204000,0
2,522,1200600,1200600,131,131,1202900,2
1,632,1200800,1200800,421,421,1202700,1
1,633,1202700,1202700,421,421,1204600,1
2,523,1202900,1202900,131,131,1205200,2
0,344,1204000,1204000,774,774,1207500,0
1,634,1204600,1204600,421,421,1206500,1
2,524,1205200,1205200,131,131,1207500,2
1,635,1206500,1206500,421,421,1208400,1
2,525,1207500,1207500,131,131,1209800,2
0,345,1207500,1207500,774,774,1211000,0
1,636,1208400,1208400,421,421,1210300,1
2,526,1209800,1209800,131,131,1212100,2
1,637,1210300,1210300,421,421,1212200,1
0,346,1211000,1211000,774,774,1214500,0
2,527,1212100,1212100,131,131,1214400,2
1,638,1212200,1212200,421,421,1214100,1
1,639,1214100,1214100,421,421,1216000,1
2,528,1214400,1214400,131,131,1216700,2
0,347,1214500,1214500,774,774,1218000,0
1,640,1216000,1216000,421,421,1217900,1
2,529,1216700,1216700,131,131,1219000,2
1,641,1217900,1217900,421,421,1219800,1
0,348,1218000,1218000,774,774,1221500,0
2,530,1219000,1219000,131,131,1221300,2
1,642,1219800,1219800,421,421,1221700,1
2,531,1221300,1221300,131,131,1223600,2
0,349,1221500,1221500,774,774,1225000,0
1,643,1221700,1221700,421,421,1223600,1
1,644,1223600,1223600,421,421,1225500,1
2,532,1223600,1223600,131,131,1225900,2
0,350,1225000,1225000,774,774,1228500,0
1,645,1225500,1225500,421,421,1227400,1
2,533,1225900,1225900,131,131,1228200,2
1,646,1227400,1227400,421,421,1229300,1
2,534,1228200,1228200,131,131,1230500,2
0,351,1228500,1228500,774,774,1232000,0
1,647,1229300,1229300,421,421,1231200,1
2,535,1230500,1230500,131,131,1232800,2
1,648,1231200,1231200,421,421,1233100,1
0,352,1232000,1232000,774,774,1235500,0
2,536,1232800,1232800,131,131,1235100,2
1,649,1233100,1233100,421,421,1235000,1
1,650,1235000,1235000,421,421,1236900,1
2,537,1235100,1235100,131,131,1237400,2
0,353,1235500,1235500,774,774,1239000,0
1,651,1236900,1236900,421,421,1238800,1
2,538,1237400,1237400,131,131,1239700,2
1,652,1238800,1238800,421,421,1240700,1
0,354,1239000,1239000,774,774,1242500,0
2,539,1239700,1239700,131,131,1242000,2
1,653,1240700,1240700,421,421,1242600,1
2,540,1242000,1242000,131,131,1244300,2
0,355,1242500,1242500,774,774,1246000,0
1,654,1242600,1242600,421,421,1244500,1
2,541,1244300,1244300,131,131,1246600,2
1,655,1244500,1244500,421,421,1246400,1
0,356,1246000,1246000,774,774,1249500,0
1,656,1246400,1246400,421,421,1248300,1
2,542,1246600,1246600,131,131,1248900,2
1,657,1248300,1248300,421,421,1250200,1
2,543,1248900,1248900,131,131,1251200,2
0,357,1249500,1249500,774,774,1253000,0
1,658,1250200,1250200,421,421,1252100,1
2,544,1251200,1251200,131,131,1253500,2
1,659,1252100,1252100,421,421,1254000,1
0,358,1253000,1253000,774,774,1256500,0
2,545,1253500,1253500,131,131,1255800,2
1,660,1254000,1254000,421,421,1255900,1
2,546,1255800,1255800,131,131,1258100,2
1,661,1255900,1255900,421,421,1257800,1
0,359,1256500,1256500,774,774,1260000,0
1,662,1257800,1257800,421,421,1259700,1
2,547,1258100,1258100,131,131,1260400,2
1,663,1259700,1259700,421,421,1261600,1
0,360,1260000,1260000,774,774,1263500,0
2,548,1260400,1260400,131,131,1262700,2
1,664,1261600,1261600,421,421,1263500,1
2,549,1262700,1262700,131,131,1265000,2
1,665,1263500,1263500,421,421,1265400,1
0,361,1263500,1263500,774,774,1267000,0
2,550,1265000,1265000,131,131,1267300,2
1,666,1265400,1265400,421,421,1267300,1
0,362,1267000,1267000,774,774,1270500,0
1,667,1267300,1267300,421,421,1269200,1
2,551,1267300,1267300,131,131,1269600,2
1,668,1269200,1269200,421,421,1271100,1
2,552,1269600,1269600,131,131,1271900,2
0,363,1270500,1270500,774,774,1274000,0
1,669,1271100,1271100,421,421,1273000,1
2,553,1271900,1271900,131,131,1274200,2
1,670,1273000,1273000,421,421,1274900,1
0,364,1274000,1274000,774,774,1277500,0
2,554,1274200,1274200,131,131,1276500,2
1,671,1274900,1274900,421,421,1276800,1
2,555,1276500,1276500,131,131,1278800,2
1,672,1276800,1276800,421,421,1278700,1
0,365,1277500,1277500,774,774,1281000,0
1,673,1278700,1278700,421,421,1280600,1
2,556,1278800,1278800,131,131,1281100,2
1,674,1280600,1280600,421,421,1282500,1
0,366,1281000,1281000,774,774,1284500,0
2,557,1281100,1281100,131,131,1283400,2
1,675,1282500,1282500,421,421,1284400,1
2,558,1283400,1283400,131,131,1285700,2
1,676,1284400,1284400,421,421,1286300,1
0,367,1284500,1284500,774,774,1288000,0
2,559,1285700,1285700,131,131,1288000,2
1,677,1286300,1286300,421,421,1288200,1
2,560,1288000,1288000,131,131,1290300,2
0,368,1288000,1288000,774,774,1291500,0
1,678,1288200,1288200,421,421,1290100,1
1,679,1290100,1290100,421,421,1292000,1
2,561,1290300,1290300,131,131,1292600,2
0,369,1291500,1291500,774,774,1295000,0
1,680,1292000,1292000,421,421,1293900,1
2,562,1292600,1292600,131,131,1294900,2
1,681,1293900,1293900,421,421,1295800,1
2,563,1294900,1294900,131,131,1297200,2
0,370,1295000,1295000,774,774,1298500,0
1,682,1295800,1295800,421,421,1297700,1
2,564,1297200,1297200,131,131,1299500,2
1,683,1297700,1297700,421,421,1299600,1
0,371,1298500,1298500,774,774,1302000,0
2,565,1299500,1299500,131,131,1301800,2
1,684,1299600,1299600,421,421,1301500,1
1,685,1301500,1301500,421,421,1303400,1
2,566,1301800,1301800,131,131,1304100,2
0,372,1302000,1302000,774,774,1305500,0
1,686,1303400,1303400,421,421,1305300,1
2,567,1304100,1304100,131,131,1306400,2
1,687,1305300,1305300,421,421,1307200,1
0,373,1305500,1305500,774,774,1309000,0
2,568,1306400,1306400,131,131,1308700,2
1,688,1307200,1307200,421,421,1309100,1
2,569,1308700,1308700,131,131,1311000,2
0,374,1309000,1309000,774,774,1312500,0
1,689,1309100,1309100,421,421,1311000,1
1,690,1311000,1311000,421,421,1312900,1
2,570,1311000,1311000,131,131,1313300,2
0,375,1312500,1312500,774,774,1316000,0
1,691,1312900,1312900,421,421,1314800,1
2,571,1313300,1313300,131,131,1315600,2
1,692,1314800,1314800,421,421,1316700,1
2,572,1315600,1315600,131,131,1317900,2
0,376,1316000,1316000,774,774,1319500,0
1,693,1316700,1316700,421,421,1318600,1
2,573,1317900,1317900,131,131,1320200,2
1,694,1318600,1318600,421,421,1320500,1
0,377,1319500,1319500,774,774,1323000,0
2,574,1320200,1320200,131,131,1322500,2
1,695,1320500,1320500,421,421,1322400,1
1,696,1322400,1322400,421,421,1324300,1
2,575,1322500,1322500,131,131,1324800,2
0,378,1323000,1323000,774,774,1326500,0
1,697,1324300,1324300,421,421,1326200,1
2,576,1324800,1324800,131,131,1327100,2
1,698,1326200,1326200,421,421,1328100,1
0,379,1326500,1326500,774,774,1330000,0
2,577,1327100,1327100,131,131,1329400,2
1,699,1328100,1328100,421,421,1330000,1
2,578,1329400,1329400,131,131,1331700,2
1,700,1330000,1330000,421,421,1331900,1
0,380,1330000,1330000,774,774,1333500,0
2,579,1331700,1331700,131,131,1334000,2
1,701,1331900,1331900,421,421,1333800,1
0,381,1333500,1333500,774,774,1337000,0
1,702,1333800,1333800,421,421,1335700,1
2,580,1334000,1334000,131,131,1336300,2
1,703,1335700,1335700,421,421,1337600,1
2,581,1336300,1336300,131,131,1338600,2
0,382,1337000,1337000,774,774,1340500,0
1,704,1337600,1337600,421,421,1339500,1
2,582,1338600,1338600,131,131,1340900,2
1,705,1339500,1339500,421,421,1341400,1
0,383,1340500,1340500,774,774,1344000,0
2,583,1340900,1340900,131,131,1343200,2
1,706,1341400,1341400,421,421,1343300,1
2,584,1343200,1343200,131,131,1345500,2
1,707,1343300,1343300,421,421,1345200,1
0,384,1344000,1344000,774,774,1347500,0
1,708,1345200,1345200,421,421,1347100,1
2,585,1345500,1345500,131,131,1347800,2
1,709,1347100,1347100,421,421,1349000,1
0,385,1347500,1347500,774,774,1351000,0
2,586,1347800,1347800,131,131,1350100,2
1,710,1349000,1349000,421,421,1350900,1
2,587,1350100,1350100,131,131,1352400,2
1,711,1350900,1350900,421,421,1352800,1
0,386,1351000,1351000,774,774,1354500,0
2,588,1352400,1352400,131,131,1354700,2
1,712,1352800,1352800,421,421,1354700,1
0,387,1354500,1354500,774,774,1358000,0
1,713,1354700,1354700,421,421,1356600,1
2,589,1354700,1354700,131,131,1357000,2
1,714,1356600,1356600,421,421,1358500,1
2,590,1357000,1357000,131,131,1359300,2
0,388,1358000,1358000,774,774,1361500,0
1,715,1358500,1358500,421,421,1360400,1
2,591,1359300,1359300,131,131,1361600,2
1,716,1360400,1360400,421,421,1362300,1
0,389,1361500,1361500,774,774,1365000,0
2,592,1361600,1361600,131,131,1363900,2
1,717,1362300,1362300,421,421,1364200,1
2,593,1363900,1363900,131,131,1366200,2
1,718,1364200,1364200,421,421,1366100,1
0,390,1365000,1365000,774,774,1368500,0
1,719,1366100,1366100,421,421,1368000,1
2,594,1366200,1366200,131,131,1368500,2
1,720,1368000,1368000,421,421,1369900,1
2,595,1368500,1368500,131,131,1370800,2
0,391,1368500,1368500,774,774,1372000,0
1,721,1369900,1369900,421,421,1371800,1
2,596,1370800,1370800,131,131,1373100,2
1,722,1371800,1371800,421,421,1373700,1
0,392,1372000,1372000,774,774,1375500,0
2,597,1373100,1373100,131,131,1375400,2
1,723,1373700,1373700,421,421,1375600,1
2,598,1375400,1375400,131,131,1377700,2
0,393,1375500,1375500,774,774,1379000,0
1,724,1375600,1375600,421,421,1377500,1
1,725,1377500,1377500,421,421,1379400,1
2,599,1377700,1377700,131,131,1380000,2
0,394,1379000,1379000,774,774,1382500,0
1,726,1379400,1379400,421,421,1381300,1
2,600,1380000,1380000,131,131,1382300,2
1,727,1381300,1381300,421,421,1383200,1
2,601,1382300,1382300,131,131,1384600,2
0,395,1382500,1382500,774,774,1386000,0
1,728,1383200,1383200,421,421,1385100,1
2,602,1384600,1384600,131,131,1386900,2
1,729,1385100,1385100,421,421,1387000,1
0,396,1386000,1386000,774,774,1389500,0
2,603,1386900,1386900,131,131,1389200,2
1,730,1387000,1387000,421,421,1388900,1
1,731,1388900,1388900,421,421,1390800,1
2,604,1389200,1389200,131,131,1391500,2
0,397,1389500,1389500,774,774,1393000,0
1,732,1390800,1390800,421,421,1392700,1
2,605,1391500,1391500,131,131,1393800,2
1,733,1392700,1392700,421,421,1394600,1
0,398,1393000,1393000,774,774,1396500,0
2,606,1393800,1393800,131,131,1396100,2
1,734,1394600,1394600,421,421,1396500,1
2,607,1396100,1396100,131,131,1398400,2
1,735,1396500,1396500,421,421,1398400,1
0,399,1396500,1396500,774,774,1400000,0
1,736,1398400,1398400,421,421,1400300,1
2,608,1398400,1398400,131,131,1400700,2
0,400,1400000,1400000,774,774,1403500,0
1,737,1400300,1400300,421,421,1402200,1
2,609,1400700,1400700,131,131,1403000,2
1,738,1402200,1402200,421,421,1404100,1
2,610,1403000,1403000,131,131,1405300,2
0,401,1403500,1403500,774,774,1407000,0
1,739,1404100,1404100,421,421,1406000,1
2,611,1405300,1405300,131,131,1407600,2
1,740,1406000,1406000,421,421,1407900,1
0,402,1407000,1407000,774,774,1410500,0
2,612,1407600,1407600,131,131,1409900,2
1,741,1407900,1407900,421,421,1409800,1
1,742,1409800,1409800,421,421,1411700,1
2,613,1409900,1409900,131,131,1412200,2
0,403,1410500,1410500,774,774,1414000,0
1,743,1411700,1411700,421,421,1413600,1
2,614,1412200,1412200,131,131,1414500,2
1,744,1413600,1413600,421,421,1415500,1
0,404,1414000,1414000,774,774,1417500,0
2,615,1414500,1414500,131,131,1416800,2
1,745,1415500,1415500,421,421,1417400,1
2,616,1416800,1416800,131,131,1419100,2
1,746,1417400,1417400,421,421,1419300,1
0,405,1417500,1417500,774,774,1421000,0
2,617,1419100,1419100,131,131,1421400,2
1,747,1419300,1419300,421,421,1421200,1
0,406,1421000,1421000,774,774,1424500,0
1,748,1421200,1421200,421,421,1423100,1
2,618,1421400,1421400,131,131,1423700,2
1,749,1423100,1423100,421,421,1425000,1
2,619,1423700,1423700,131,131,1426000,2
0,407,1424500,1424500,774,774,1428000,0
1,750,1425000,1425000,421,421,1426900,1
2,620,1426000,1426000,131,131,1428300,2
1,751,1426900,1426900,421,421,1428800,1
0,408,1428000,1428000,774,774,1431500,0
2,621,1428300,1428300,131,131,1430600,2
1,752,1428800,1428800,421,421,1430700,1
2,622,1430600,1430600,131,131,1432900,2
1,753,1430700,1430700,421,421,1432600,1
0,409,1431500,1431500,774,774,1435000,0
1,754,1432600,1432600,421,421,1434500,1
2,623,1432900,1432900,131,131,1435200,2
1,755,1434500,1434500,421,421,1436400,1
0,410,1435000,1435000,774,774,1438500,0
2,624,1435200,1435200,131,131,1437500,2
1,756,1436400,1436400,421,421,1438300,1
2,625,1437500,1437500,131,131,1439800,2
1,757,1438300,1438300,421,421,1440200,1
0,411,1438500,1438500,774,774,1442000,0
2,626,1439800,1439800,131,131,1442100,2
1,758,1440200,1440200,421,421,1442100,1
0,412,1442000,1442000,774,774,1445500,0
1,759,1442100,1442100,421,421,1444000,1
2,627,1442100,1442100,131,131,1444400,2
1,760,1444000,1444000,421,421,1445900,1
2,628,1444400,1444400,131,131,1446700,2
0,413,1445500,1445500,774,774,1449000,0
1,761,1445900,1445900,421,421,1447800,1
2,629,1446700,1446700,131,131,1449000,2
1,762,1447800,1447800,421,421,1449700,1
2,630,1449000,1449000,131,131,1451300,2
0,414,1449000,1449000,774,774,1452500,0
1,763,1449700,1449700,421,421,1451600,1
2,631,1451300,1451300,131,131,1453600,2
1,764,1451600,1451600,421,421,1453500,1
0,415,1452500,1452500,774,774,1456000,0
1,765,1453500,1453500,421,421,1455400,1
2,632,1453600,1453600,131,131,1455900,2
1,766,1455400,1455400,421,421,1457300,1
2,633,1455900,1455900,131,131,1458200,2
0,416,1456000,1456000,774,774,1459500,0
1,767,1457300,1457300,421,421,1459200,1
2,634,1458200,1458200,131,131,1460500,2
1,768,1459200,1459200,421,421,1461100,1
0,417,1459500,1459500,774,774,1463000,0
2,635,1460500,1460500,131,131,1462800,2
1,769,1461100,1461100,421,421,1463000,1
2,636,1462800,1462800,131,131,1465100,2
1,770,1463000,1463000,421,421,1464900,1
0,418,1463000,1463000,774,774,1466500,0
1,771,1464900,1464900,421,421,1466800,1
2,637,1465100,1465100,131,131,1467400,2
0,419,1466500,1466500,774,774,1470000,0
1,772,1466800,1466800,421,421,1468700,1
2,638,1467400,1467400,131,131,1469700,2
1,773,1468700,1468700,421,421,1470600,1
2,639,1469700,1469700,131,131,1472000,2
0,420,1470000,1470000,774,774,1473500,0
1,774,1470600,1470600,421,421,1472500,1
2,640,1472000,1472000,131,131,1474300,2
1,775,1472500,1472500,421,421,1474400,1
0,421,1473500,1473500,774,774,1477000,0
2,641,1474300,1474300,131,131,1476600,2
1,776,1474400,1474400,421,421,1476300,1
1,777,1476300,1476300,421,421,1478200,1
2,642,1476600,1476600,131,131,1478900,2
0,422,1477000,1477000,774,774,1480500,0
1,778,1478200,1478200,421,421,1480100,1
2,643,1478900,1478900,131,131,1481200,2
1,779,1480100,1480100,421,421,1482000,1
0,423,1480500,1480500,774,774,1484000,0
2,644,1481200,1481200,131,131,1483500,2
1,780,1482000,1482000,421,421,1483900,1
2,645,1483500,1483500,131,131,1485800,2
1,781,1483900,1483900,421,421,1485800,1
0,424,1484000,1484000,774,774,1487500,0
1,782,1485800,1485800,421,421,1487700,1
2,646,1485800,1485800,131,131,1488100,2
0,425,1487500,1487500,774,774,1491000,0
1,783,1487700,1487700,421,421,1489600,1
2,647,1488100,1488100,131,131,1490400,2
1,784,1489600,1489600,421,421,1491500,1
2,648,1490400,1490400,131,131,1492700,2
0,426,1491000,1491000,774,774,1494500,0
1,785,1491500,1491500,421,421,1493400,1
2,649,1492700,1492700,131,131,1495000,2
1,786,1493400,1493400,421,421,1495300,1
0,427,1494500,1494500,774,774,1498000,0
2,650,1495000,1495000,131,131,1497300,2
1,787,1495300,1495300,421,421,1497200,1
1,788,1497200,1497200,421,421,1499100,1
2,651,1497300,1497300,131,131,1499600,2
0,428,1498000,1498000,774,774,1501500,0
1,789,1499100,1499100,421,421,1501000,1
2,652,1499600,1499600,131,131,1501900,2
1,790,1501000,1501000,421,421,1502900,1
0,429,1501500,1501500,774,774,1505000,0
2,653,1501900,1501900,131,131,1504200,2
1,791,1502900,1502900,421,421,1504800,1
2,654,1504200,1504200,131,131,1506500,2
1,792,1504800,1504800,421,421,1506700,1
0,430,1505000,1505000,774,774,1508500,0
2,655,1506500,1506500,131,131,1508800,2
1,793,1506700,1506700,421,421,1508600,1
0,431,1508500,1508500,774,774,1512000,0
1,794,1508600,1508600,421,421,1510500,1
2,656,1508800,1508800,131,131,1511100,2
1,795,1510500,1510500,421,421,1512400,1
2,657,1511100,1511100,131,131,1513400,2
0,432,1512000,1512000,774,774,1515500,0
1,796,1512400,1512400,421,421,1514300,1
2,658,1513400,1513400,131,131,1515700,2
1,797,1514300,1514300,421,421,1516200,1
0,433,1515500,1515500,774,774,1519000,0
2,659,1515700,1515700,131,131,1518000,2
1,798,1516200,1516200,421,421,1518100,1
2,660,1518000,1518000,131,131,1520300,2
1,799,1518100,1518100,421,421,1520000,1
0,434,1519000,1519000,774,774,1522500,0
1,800,1520000,1520000,421,421,1521900,1
2,661,1520300,1520300,131,131,1522600,2
1,801,1521900,1521900,421,421,1523800,1
0,435,1522500,1522500,774,774,1526000,0
2,662,1522600,1522600,131,131,1524900,2
1,802,1523800,1523800,421,421,1525700,1
2,663,1524900,1524900,131,131,1527200,2
1,803,1525700,1525700,421,421,1527600,1
0,436,1526000,1526000,774,774,1529500,0
2,664,1527200,1527200,131,131,1529500,2
1,804,1527600,1527600,421,421,1529500,1
